"id","birthday","email","name"
"1","1964-03-02","james.jackson@example.com","James Jackson"
"2","1965-11-22","jessica.cohen@example.com","Jessica Cohen"
"3","1968-03-20","alejandra.nolan@example.com","Alejandra Nolan"
"4","1994-12-16","holly.wiggins@example.com","Holly Wiggins"
"5","2000-04-17","andrea.cox@example.com","Andrea Cox"
"6","1979-03-26","mitchell.gonzalez@example.com","Mitchell Gonzalez"
"7","1964-07-10","melanie.chambers@example.com","Melanie Chambers"
"8","2006-06-03","robert.barr@example.com","Robert Barr"
"9","1996-01-17","mark.frank@example.com","Mark Frank"
"10","1989-06-10","alexander.richardson@example.com","Alexander Richardson"
"11","1964-04-26","darryl.griffin@example.com","Darryl Griffin"
"12","1976-09-15","benjamin.taylor@example.com","Benjamin Taylor"
"13","1986-01-22","gloria.huff@example.com","Gloria Huff"
"14","1990-09-15","jordan.francis@example.com","Jordan Francis"
"15","1988-05-13","dominique.lawrence@example.com","Dominique Lawrence"
"16","2004-08-06","alexandra.foster@example.com","Alexandra Foster"
"17","2003-07-11","amber.carroll@example.com","Amber Carroll"
"18","1972-04-26","carlos.roberts@example.com","Carlos Roberts"
"19","1972-04-03","wayne.johnson@example.com","Wayne Johnson"
"20","1986-10-19","william.salas@example.com","William Salas"
"21","2000-03-30","andrew.young@example.com","Andrew Young"
"22","1987-09-08","jennifer.burnett@example.com","Jennifer Burnett"
"23","1996-09-28","joseph.carrillo@example.com","Joseph Carrillo"
"24","2001-08-13","susan.bowman@example.com","Susan Bowman"
"25","1990-07-07","amy.newman@example.com","Amy Newman"
"26","1996-09-28","rachel.gill@example.com","Rachel Gill"
"27","1977-07-13","jennifer.mcgee@example.com","Jennifer Mcgee"
"28","2000-02-20","jamie.turner@example.com","Jamie Turner"
"29","1983-07-20","kelsey.johnson@example.com","Kelsey Johnson"
"30","1979-12-04","angela.rodriguez@example.com","Angela Rodriguez"
"31","1994-02-17","michael.hart@example.com","Michael Hart"
"32","1971-10-06","leon.smith@example.com","Leon Smith"
"33","1970-01-16","todd.richards@example.com","Todd Richards"
"34","1987-07-30","karen.carroll@example.com","Karen Carroll"
"35","1983-06-22","carrie.collins@example.com","Carrie Collins"
"36","1977-05-16","angela.gordon@example.com","Angela Gordon"
"37","2006-08-15","steven.burns@example.com","Steven Burns"
"38","1985-05-05","kerri.stephens@example.com","Kerri Stephens"
"39","1965-07-26","samuel.oneill@example.com","Samuel Oneill"
"40","2000-12-23","jane.williams@example.com","Jane Williams"
"41","1994-04-13","ellen.morgan@example.com","Ellen Morgan"
"42","1970-06-08","paula.hill@example.com","Paula Hill"
"43","2001-02-19","nicholas.ramirez@example.com","Nicholas Ramirez"
"44","1990-11-02","terry.fowler@example.com","Terry Fowler"
"45","1981-11-09","samuel.moore@example.com","Samuel Moore"
"46","1985-04-04","steven.carter@example.com","Steven Carter"
"47","1985-03-17","lisa.curry@example.com","Lisa Curry"
"48","1977-02-14","dr..mackenzie.king.md@example.com","Dr. Mackenzie King MD"
"49","1967-10-09","steven.hughes@example.com","Steven Hughes"
"50","1987-04-17","samantha.bradley@example.com","Samantha Bradley"
"51","1995-10-22","michael.cox@example.com","Michael Cox"
"52","1967-06-17","billy.little@example.com","Billy Little"
"53","1999-10-24","abigail.stevenson@example.com","Abigail Stevenson"
"54","2003-01-16","charles.gilbert@example.com","Charles Gilbert"
"55","1966-11-14","jennifer.carpenter@example.com","Jennifer Carpenter"
"56","1985-01-21","thomas.jones@example.com","Thomas Jones"
"57","1971-11-24","stephen.miller@example.com","Stephen Miller"
"58","1974-09-11","joseph.elliott@example.com","Joseph Elliott"
"59","1999-11-14","tammy.chandler@example.com","Tammy Chandler"
"60","1992-01-01","alexandra.waters@example.com","Alexandra Waters"
"61","2005-03-01","christopher.schmidt@example.com","Christopher Schmidt"
"62","1965-11-03","diana.andrews@example.com","Diana Andrews"
"63","1970-07-11","sally.buck@example.com","Sally Buck"
"64","1980-12-22","lori.pearson@example.com","Lori Pearson"
"65","1989-03-01","renee.singh@example.com","Renee Singh"
"66","2002-05-29","amy.rivera@example.com","Amy Rivera"
"67","1976-06-10","sarah.hill@example.com","Sarah Hill"
"68","1964-06-18","diane.solomon@example.com","Diane Solomon"
"69","1986-12-12","jasmine.sandoval@example.com","Jasmine Sandoval"
"70","1990-11-09","jason.haney@example.com","Jason Haney"
"71","1965-02-24","jessica.silva@example.com","Jessica Silva"
"72","1987-11-10","juan.arnold@example.com","Juan Arnold"
"73","1964-04-12","daniel.mccarthy@example.com","Daniel Mccarthy"
"74","1984-12-31","matthew.gardner@example.com","Matthew Gardner"
"75","1982-02-19","darren.carter@example.com","Darren Carter"
"76","1996-12-12","john.scott@example.com","John Scott"
"77","1970-09-15","michael.smith@example.com","Michael Smith"
"78","1988-03-04","robin.robinson@example.com","Robin Robinson"
"79","1984-12-08","nicole.allen@example.com","Nicole Allen"
"80","1996-05-12","tamara.clarke@example.com","Tamara Clarke"
"81","1989-12-05","elizabeth.gray@example.com","Elizabeth Gray"
"82","1967-01-29","jason.schultz@example.com","Jason Schultz"
"83","2004-08-16","tony.miller@example.com","Tony Miller"
"84","1975-07-19","garrett.jordan@example.com","Garrett Jordan"
"85","1989-10-07","alison.goodwin@example.com","Alison Goodwin"
"86","1968-10-24","stephen.vega@example.com","Stephen Vega"
"87","2000-08-08","pam.mooney@example.com","Pam Mooney"
"88","1967-02-28","richard.baker@example.com","Richard Baker"
"89","1968-09-21","ryan.todd@example.com","Ryan Todd"
"90","1970-12-23","laura.thomas@example.com","Laura Thomas"
"91","2000-01-11","jenna.macias@example.com","Jenna Macias"
"92","2000-05-11","tina.rivera@example.com","Tina Rivera"
"93","1972-08-25","gabriel.garcia@example.com","Gabriel Garcia"
"94","1985-02-17","miss.erica.goodwin@example.com","Miss Erica Goodwin"
"95","2002-01-02","alexis.kerr@example.com","Alexis Kerr"
"96","1984-03-15","amy.white@example.com","Amy White"
"97","1989-04-06","christina.jones@example.com","Christina Jones"
"98","2004-08-26","beth.skinner@example.com","Beth Skinner"
"99","1964-02-25","chelsea.banks@example.com","Chelsea Banks"
"100","1974-11-15","anthony.fields@example.com","Anthony Fields"
"102","1980-11-04","akriti.jena@example.com","akriti jena"
"103","1988-11-04","manish.das@outlook.com","Ashutosh Das
"104","1990-11-04","aslitapas@gmail.com","Tapas Das"
"105","1990-11-06","itsmemanish0102@gmail.com","Abhigyan Pandey"
"106","1990-11-06","manish.das@outlook.com","Samuel Ericson
"107","2001-11-06","manish.das@outlook.com","Akriti Grover"